[
  {
    "id": 1,
    "topics": {
      "handler": {
        "interfaces": [
          {}
        ],
        "constructed": true,
        "persistentClass": {},
        "getIdentifierMethod": {
          "clazz": {},
          "slot": 2,
          "name": "getId",
          "returnType": {},
          "parameterTypes": [],
          "exceptionTypes": [],
          "modifiers": 1,
          "annotations": [
            0,
            3,
            0,
            37,
            0,
            0,
            0,
            38,
            0,
            1,
            0,
            39,
            101,
            0,
            40,
            0,
            41,
            0,
            42,
            0,
            3,
            0,
            43,
            115,
            0,
            44,
            0,
            45,
            90,
            0,
            46,
            0,
            47,
            90,
            0,
            48
          ],
          "root": {
            "clazz": {},
            "slot": 2,
            "name": "getId",
            "returnType": {},
            "parameterTypes": [],
            "exceptionTypes": [],
            "modifiers": 1,
            "annotations": [
              0,
              3,
              0,
              37,
              0,
              0,
              0,
              38,
              0,
              1,
              0,
              39,
              101,
              0,
              40,
              0,
              41,
              0,
              42,
              0,
              3,
              0,
              43,
              115,
              0,
              44,
              0,
              45,
              90,
              0,
              46,
              0,
              47,
              90,
              0,
              48
            ],
            "override": false
          },
          "override": false
        },
        "setIdentifierMethod": {
          "clazz": {},
          "slot": 11,
          "name": "setId",
          "returnType": {},
          "parameterTypes": [
            {}
          ],
          "exceptionTypes": [],
          "modifiers": 1,
          "root": {
            "clazz": {},
            "slot": 11,
            "name": "setId",
            "returnType": {},
            "parameterTypes": [
              {}
            ],
            "exceptionTypes": [],
            "modifiers": 1,
            "override": false
          },
          "override": false
        },
        "overridesEquals": false,
        "entityName": "com.p.service.pojo.Topic",
        "id": 375,
        "initialized": false,
        "readOnly": false,
        "unwrap": false,
        "sessionFactoryUuid": "0285b3b4-39d9-404b-b9f6-68226f534752",
        "allowLoadOutsideTransaction": true
      },
      "id": 0,
      "personal": false,
      "rating": 1
    },
    "groups": {
      "handler": {
        "interfaces": [
          {}
        ],
        "constructed": true,
        "persistentClass": {},
        "getIdentifierMethod": {
          "clazz": {},
          "slot": 2,
          "name": "getId",
          "returnType": {},
          "parameterTypes": [],
          "exceptionTypes": [],
          "modifiers": 1,
          "annotations": [
            0,
            3,
            0,
            35,
            0,
            0,
            0,
            36,
            0,
            1,
            0,
            37,
            101,
            0,
            38,
            0,
            39,
            0,
            40,
            0,
            3,
            0,
            41,
            115,
            0,
            42,
            0,
            43,
            90,
            0,
            44,
            0,
            45,
            90,
            0,
            46
          ],
          "root": {
            "clazz": {},
            "slot": 2,
            "name": "getId",
            "returnType": {},
            "parameterTypes": [],
            "exceptionTypes": [],
            "modifiers": 1,
            "annotations": [
              0,
              3,
              0,
              35,
              0,
              0,
              0,
              36,
              0,
              1,
              0,
              37,
              101,
              0,
              38,
              0,
              39,
              0,
              40,
              0,
              3,
              0,
              41,
              115,
              0,
              42,
              0,
              43,
              90,
              0,
              44,
              0,
              45,
              90,
              0,
              46
            ],
            "override": false
          },
          "override": false
        },
        "setIdentifierMethod": {
          "clazz": {},
          "slot": 10,
          "name": "setId",
          "returnType": {},
          "parameterTypes": [
            {}
          ],
          "exceptionTypes": [],
          "modifiers": 1,
          "root": {
            "clazz": {},
            "slot": 10,
            "name": "setId",
            "returnType": {},
            "parameterTypes": [
              {}
            ],
            "exceptionTypes": [],
            "modifiers": 1,
            "override": false
          },
          "override": false
        },
        "overridesEquals": false,
        "entityName": "com.p.service.pojo.Group",
        "id": 42,
        "initialized": false,
        "readOnly": false,
        "unwrap": false,
        "sessionFactoryUuid": "0285b3b4-39d9-404b-b9f6-68226f534752",
        "allowLoadOutsideTransaction": true
      },
      "id": 0,
      "rating": 1
    }
  },
  {
    "id": 2,
    "topics": {
      "handler": {
        "interfaces": [
          {}
        ],
        "constructed": true,
        "persistentClass": {},
        "getIdentifierMethod": {
          "clazz": {},
          "slot": 2,
          "name": "getId",
          "returnType": {},
          "parameterTypes": [],
          "exceptionTypes": [],
          "modifiers": 1,
          "annotations": [
            0,
            3,
            0,
            37,
            0,
            0,
            0,
            38,
            0,
            1,
            0,
            39,
            101,
            0,
            40,
            0,
            41,
            0,
            42,
            0,
            3,
            0,
            43,
            115,
            0,
            44,
            0,
            45,
            90,
            0,
            46,
            0,
            47,
            90,
            0,
            48
          ],
          "root": {
            "clazz": {},
            "slot": 2,
            "name": "getId",
            "returnType": {},
            "parameterTypes": [],
            "exceptionTypes": [],
            "modifiers": 1,
            "annotations": [
              0,
              3,
              0,
              37,
              0,
              0,
              0,
              38,
              0,
              1,
              0,
              39,
              101,
              0,
              40,
              0,
              41,
              0,
              42,
              0,
              3,
              0,
              43,
              115,
              0,
              44,
              0,
              45,
              90,
              0,
              46,
              0,
              47,
              90,
              0,
              48
            ],
            "override": false
          },
          "override": false
        },
        "setIdentifierMethod": {
          "clazz": {},
          "slot": 11,
          "name": "setId",
          "returnType": {},
          "parameterTypes": [
            {}
          ],
          "exceptionTypes": [],
          "modifiers": 1,
          "root": {
            "clazz": {},
            "slot": 11,
            "name": "setId",
            "returnType": {},
            "parameterTypes": [
              {}
            ],
            "exceptionTypes": [],
            "modifiers": 1,
            "override": false
          },
          "override": false
        },
        "overridesEquals": false,
        "entityName": "com.p.service.pojo.Topic",
        "id": 376,
        "initialized": false,
        "readOnly": false,
        "unwrap": false,
        "sessionFactoryUuid": "0285b3b4-39d9-404b-b9f6-68226f534752",
        "allowLoadOutsideTransaction": true
      },
      "id": 0,
      "personal": false,
      "rating": 1
    },
    "groups": {
      "handler": {
        "interfaces": [
          {}
        ],
        "constructed": true,
        "persistentClass": {},
        "getIdentifierMethod": {
          "clazz": {},
          "slot": 2,
          "name": "getId",
          "returnType": {},
          "parameterTypes": [],
          "exceptionTypes": [],
          "modifiers": 1,
          "annotations": [
            0,
            3,
            0,
            35,
            0,
            0,
            0,
            36,
            0,
            1,
            0,
            37,
            101,
            0,
            38,
            0,
            39,
            0,
            40,
            0,
            3,
            0,
            41,
            115,
            0,
            42,
            0,
            43,
            90,
            0,
            44,
            0,
            45,
            90,
            0,
            46
          ],
          "root": {
            "clazz": {},
            "slot": 2,
            "name": "getId",
            "returnType": {},
            "parameterTypes": [],
            "exceptionTypes": [],
            "modifiers": 1,
            "annotations": [
              0,
              3,
              0,
              35,
              0,
              0,
              0,
              36,
              0,
              1,
              0,
              37,
              101,
              0,
              38,
              0,
              39,
              0,
              40,
              0,
              3,
              0,
              41,
              115,
              0,
              42,
              0,
              43,
              90,
              0,
              44,
              0,
              45,
              90,
              0,
              46
            ],
            "override": false
          },
          "override": false
        },
        "setIdentifierMethod": {
          "clazz": {},
          "slot": 10,
          "name": "setId",
          "returnType": {},
          "parameterTypes": [
            {}
          ],
          "exceptionTypes": [],
          "modifiers": 1,
          "root": {
            "clazz": {},
            "slot": 10,
            "name": "setId",
            "returnType": {},
            "parameterTypes": [
              {}
            ],
            "exceptionTypes": [],
            "modifiers": 1,
            "override": false
          },
          "override": false
        },
        "overridesEquals": false,
        "entityName": "com.p.service.pojo.Group",
        "id": 42,
        "initialized": false,
        "readOnly": false,
        "unwrap": false,
        "sessionFactoryUuid": "0285b3b4-39d9-404b-b9f6-68226f534752",
        "allowLoadOutsideTransaction": true
      },
      "id": 0,
      "rating": 1
    }
  }
]