[
  {
    "id": 1,
    "title": "Divorce process with Ragini",
    "description": "\u003cdiv\u003e\u003c!--block--\u003eDivorce process with Ragini\u003c/div\u003e",
    "dateCreated": "Aug 14, 2016 10:32:59 PM",
    "dateLastModified": "Aug 14, 2016 10:33:59 PM",
    "rating": 1
  },
  {
    "id": 2,
    "title": "Just before one second from death",
    "description": "\u003cdiv\u003e\u003c!--block--\u003eJeewan me sirf do sacchai hai\u003cbr\u003e1) Vartaman\u003cbr\u003e2)Mrityu\u003cbr\u003e\u003cbr\u003eAur Jeewan ke ant par bas insaan khud se ek hi sawal puchta hai ki - \"Kya socha\u0026nbsp;\u003ca href\u003d\"http://127.0.0.1:8888/topic-management/topic-mgmt/topic-mgmt-home.html#/groups-list/8\"\u003e\u003cstrong\u003ekya khoya aur kya paaya?\u003c/strong\u003e\u003c/a\u003e\"\u003cbr\u003e\u003cbr\u003e----------------------------\u003cbr\u003ePaane aur knone ka hisab jeewan me nirdharit lakshaya se hota hai.\u003cbr\u003e\u003cbr\u003e-------------------------------\u003cbr\u003eMere jeewan ka lakshaya hai -\u003cbr\u003e1) Maa, Papa, Bhai , Bahan khush rahe.\u003cbr\u003e2)Mai apne nirdharit kartavyo ko nirvahit karu\u003cbr\u003e3)Aage badhne ka marg talashu.\u003cbr\u003e4)Aage badhu.\u003cbr\u003e\u003cbr\u003e\u003cbr\u003e\u003cstrong\u003ePossible questions:-\u003c/strong\u003e\u003c/div\u003e\u003cul\u003e\u003cli\u003e\u003c!--block--\u003eHow can Maa feel happy?\u003c/li\u003e\u003cli\u003e\u003c!--block--\u003eWhat are current challenges to make maa happy?What I will get if maa gets happy?What is the loss if maa is not happy?\u003c/li\u003e\u003cli\u003e\u003c!--block--\u003eHow can papa feel happy?\u003c/li\u003e\u003cli\u003e\u003c!--block--\u003eWhat are current challenges to make papa happy?What I will get if papa gets happy?What is the loss if papa is not happy?\u003c/li\u003e\u003cli\u003e\u003c!--block--\u003eHow can bhai feel happy?\u003c/li\u003e\u003cli\u003e\u003c!--block--\u003eWhat are current challenges to make bhai\u0026nbsp; happy?What I will get if bhai gets happy?What is the loss if bhai is not happy?\u003c/li\u003e\u003cli\u003e\u003c!--block--\u003eHow can bahan feel happy?\u003c/li\u003e\u003cli\u003e\u003c!--block--\u003eHow I can calculate about \"\u003cstrong\u003ekya khoya aur kya paaya?\u003c/strong\u003e\"?\u003c/li\u003e\u003cli\u003e\u003c!--block--\u003eCan I control my present?\u003c/li\u003e\u003cli\u003e\u003c!--block--\u003eWhat is my\u0026nbsp;\u003cstrong\u003e\u003cem\u003eLakshaya\u003c/em\u003e\u003c/strong\u003e? How can I go in the direction which I have decided by my\u0026nbsp;\u003cem\u003eLakshaya.? Why i have chosen a certain lakshaya?\u003c/em\u003e\u003c/li\u003e\u003cli\u003e\u003c!--block--\u003eWhy I feel\u0026nbsp;\u003cstrong\u003edistraction\u0026nbsp;\u003c/strong\u003efrom my Lakshaya? How many types of distractions I have felt? What I did when I feel any distraction? and what are other ways to minimise distraction?\u003c/li\u003e\u003cli\u003e\u003c!--block--\u003eWhat are current challenges to make bahan happy?What I will get if bahan gets happy?What is the loss if bahan is not happy?\u003c/li\u003e\u003cli\u003e\u003c!--block--\u003eWhat are my\u0026nbsp;\u003cstrong\u003ecurrent duties (\u003c/strong\u003e\u003cstrong\u003e\u003cem\u003eKartavya\u003c/em\u003e\u003c/strong\u003e\u003cstrong\u003e)\u003c/strong\u003e? Why these duties important in my life? What will be impact if I stop the execution of a duty? How many duties I am performing currently and how many I face challenges? What are challenges while performing my duties? How many duty-debt is being accumulated on me? Which duty has become currently irrelevant? and by which time I can discontinue the execution of\u0026nbsp;\u003cstrong\u003eirrelevant duty\u003c/strong\u003e?\u0026nbsp;\u003c/li\u003e\u003cli\u003e\u003c!--block--\u003eWhat are upcoming duties (\u003cstrong\u003eduty forecast\u003c/strong\u003e) in my life? What will be expected start time for upcoming duties? What preparation needs to be done in present for those duties? What is the probability of occurrence for those duties? What is the severity for upcoming duties? \u0026nbsp;\u003c/li\u003e\u003cli\u003e\u003c!--block--\u003eWhat\u0026nbsp;\u003cstrong\u003eunnecessary activity (negative duties)\u003c/strong\u003e\u0026nbsp;I am doing presently? How much and which kind of loss I have suffered from negative duty? What is the long term effect by negative activity? What is the start time for negative duty?\u0026nbsp; Why this negative activity included in my life? What is the plan to stop the negative duty? What is the expected time to implement the plan? What gains will be earned by execution of\u0026nbsp;\u003cstrong\u003eprevention plan of negative duties\u003c/strong\u003e?\u003c/li\u003e\u003c/ul\u003e",
    "dateCreated": "Oct 9, 2016 4:02:31 PM",
    "dateLastModified": "Oct 17, 2016 11:47:04 AM",
    "rating": 1
  },
  {
    "id": 3,
    "title": "List of all projects",
    "description": "\u003cdiv\u003e\u003c!--block--\u003e\u003cstrong\u003eList of all projects\u003cbr\u003e\u003cbr\u003e\u003c/strong\u003eThis view contains high level representation of all projects and contains data in following way :-\u003cbr\u003e\u003cbr\u003e-----\u003cbr\u003e\t\u003cstrong\u003eProject Name :-\u003c/strong\u003e\u0026nbsp;\u003ca href\u003d\"http://127.0.0.1:8888/topic-management/topic-mgmt/topic-mgmt-home.html#/groups-list/15\"\u003eTopic Management Project\u003c/a\u003e\u003cbr\u003e\t\u003cstrong\u003eTechnology used :-\u003c/strong\u003e\u0026nbsp;Java, angularjs\u003cbr\u003e\t\u003cstrong\u003ePurpose :-\u0026nbsp;\u003c/strong\u003eTo track the life\u0027s ongoing events and draw conclusion for betterment of life.\u003cbr\u003e\t\u003cstrong\u003eDevelopment methodology used :-\u003c/strong\u003e\u0026nbsp;Agile\u003cbr\u003e\t\u003cstrong\u003eCurrent sprint:-\u003c/strong\u003e\u0026nbsp;Phase 2, from 14 November 2016 till next 14 days\u003cbr\u003e\u003cstrong\u003eIDE in which project resides :-\u003c/strong\u003e\u0026nbsp;Eclipse Neon\u003cbr\u003e\t\u003cstrong\u003eCode repository URL :-\u003c/strong\u003e\u0026nbsp;\u003c/div\u003e\u003cul\u003e\u003cli\u003e\u003c!--block--\u003ehttps://github.com/premendrakumar/topic-management.git\u003c/li\u003e\u003cli\u003e\u003c!--block--\u003ehttps://github.com/premendrakumar/bce-rest-services.git\u003c/li\u003e\u003c/ul\u003e\u003cdiv\u003e\u003c!--block--\u003e-----\u003cbr\u003e\t\u003cstrong\u003eProject Name :-\u003c/strong\u003e\u0026nbsp;\u003ca href\u003d\"http://127.0.0.1:8888/topic-management/topic-mgmt/topic-mgmt-home.html#/groups-list/18\"\u003eOnline Quiz Management Application\u003c/a\u003e\u003cbr\u003e\t\u003cstrong\u003eTechnology used :-\u003c/strong\u003e\u0026nbsp;Java, angularjs\u003cbr\u003e\t\u003cstrong\u003ePurpose :-\u0026nbsp;\u003c/strong\u003eTo Add questions, their answers ,perform tests, publish results, extract reports.\u003cbr\u003e\t\u003cstrong\u003eDevelopment methodology used :-\u003c/strong\u003e\u0026nbsp;Agile\u003cbr\u003e\t\u003cstrong\u003eCurrent sprint:-\u003c/strong\u003e\u0026nbsp;none\u003cbr\u003e\u003cstrong\u003eIDE in which project resides :-\u003c/strong\u003e\u0026nbsp;Eclipse Neon\u003cbr\u003e\t\u003cstrong\u003eCode repository URL :-\u003c/strong\u003e\u0026nbsp;\u003c/div\u003e\u003cul\u003e\u003cli\u003e\u003c!--block--\u003e\u003cbr\u003e\u003c/li\u003e\u003c/ul\u003e\u003cdiv\u003e\u003c!--block--\u003e\u003cbr\u003e----\u003cbr\u003e\u003cstrong\u003eProject Name :-\u0026nbsp;\u003c/strong\u003eangular-bootstrap-lightbox\u003cbr\u003e\u003cstrong\u003eTechnology used :-\u003c/strong\u003e\u0026nbsp;angularjs\u003cbr\u003e\t\u003cstrong\u003ePurpose :-\u0026nbsp;\u003c/strong\u003e\u003cbr\u003e\t\u003cstrong\u003eDevelopment methodology used :-\u003c/strong\u003e\u0026nbsp;Agile\u003cbr\u003e\t\u003cstrong\u003eCurrent sprint:-\u003c/strong\u003e\u0026nbsp;none\u003cbr\u003e\u003cstrong\u003eIDE in which project resides :-\u003c/strong\u003e\u0026nbsp;Eclipse Neon\u003cbr\u003e\t\u003cstrong\u003eCode repository URL :-\u003c/strong\u003e\u0026nbsp;\u003c/div\u003e\u003cul\u003e\u003cli\u003e\u003c!--block--\u003ehttps://github.com/compact/angular-bootstrap-lightbox.git\u003c/li\u003e\u003c/ul\u003e\u003cdiv\u003e\u003c!--block--\u003e\u003cbr\u003e----\u003cbr\u003e\u003cstrong\u003eProject Name :-\u0026nbsp;\u003c/strong\u003eAlgorithms-and-Data-Structures-in-Java\u003cbr\u003e\u003cstrong\u003eTechnology used :-\u003c/strong\u003e\u0026nbsp;java\u003cbr\u003e\t\u003cstrong\u003ePurpose :-\u0026nbsp;\u003c/strong\u003e\u003cbr\u003e\t\u003cstrong\u003eDevelopment methodology used :-\u003c/strong\u003e\u0026nbsp;Agile\u003cbr\u003e\t\u003cstrong\u003eCurrent sprint:-\u003c/strong\u003e\u0026nbsp;none\u003cbr\u003e\u003cstrong\u003eIDE in which project resides :-\u003c/strong\u003e\u0026nbsp;Eclipse Neon\u003cbr\u003e\t\u003cstrong\u003eCode repository URL :-\u003c/strong\u003e\u0026nbsp;\u003cstrong\u003e\u003cbr\u003e\u003cbr\u003e\u003c/strong\u003e----\u003cbr\u003e\u003cstrong\u003eProject Name :-\u0026nbsp;\u003c/strong\u003eangular-musicbrainz\u003cbr\u003e\u003cstrong\u003eTechnology used :-\u003c/strong\u003e\u0026nbsp;angularjs\u003cbr\u003e\t\u003cstrong\u003ePurpose :-\u0026nbsp;\u003c/strong\u003e\u003cbr\u003e\t\u003cstrong\u003eDevelopment methodology used :-\u003c/strong\u003e\u0026nbsp;Agile\u003cbr\u003e\t\u003cstrong\u003eCurrent sprint:-\u003c/strong\u003e\u0026nbsp;none\u003cbr\u003e\u003cstrong\u003eIDE in which project resides :-\u003c/strong\u003e\u0026nbsp;Eclipse Neon\u003cbr\u003e\t\u003cstrong\u003eCode repository URL :-\u003c/strong\u003e\u0026nbsp;\u003cstrong\u003e\u003cbr\u003e\u003cbr\u003e\u003cbr\u003e\u003c/strong\u003e----\u003cbr\u003e\u003cstrong\u003eProject Name :-\u0026nbsp;\u003c/strong\u003ecomplete\u003cbr\u003e\u003cstrong\u003eTechnology used :-\u003c/strong\u003e\u0026nbsp;java,spring-boot\u003cbr\u003e\t\u003cstrong\u003ePurpose :-\u0026nbsp;\u003c/strong\u003e\u003cbr\u003e\t\u003cstrong\u003eDevelopment methodology used :-\u003c/strong\u003e\u0026nbsp;Agile\u003cbr\u003e\t\u003cstrong\u003eCurrent sprint:-\u003c/strong\u003e\u0026nbsp;none\u003cbr\u003e\u003cstrong\u003eIDE in which project resides :-\u003c/strong\u003e\u0026nbsp;Eclipse Neon\u003cbr\u003e\t\u003cstrong\u003eCode repository URL :-\u003c/strong\u003e\u0026nbsp;\u003cstrong\u003e\u003cbr\u003e\u003cbr\u003e\u003cbr\u003e\u003cbr\u003e\u003c/strong\u003e----\u003cbr\u003e\u003cstrong\u003eProject Name :-\u0026nbsp;\u003c/strong\u003eCrunchifyLoadPropertiesSpringMVC\u003cbr\u003e\u003cstrong\u003eTechnology used :-\u003c/strong\u003e\u0026nbsp;java,spring\u003cbr\u003e\t\u003cstrong\u003ePurpose :-\u0026nbsp;\u003c/strong\u003e\u003cbr\u003e\t\u003cstrong\u003eDevelopment methodology used :-\u003c/strong\u003e\u0026nbsp;Agile\u003cbr\u003e\t\u003cstrong\u003eCurrent sprint:-\u003c/strong\u003e\u0026nbsp;none\u003cbr\u003e\u003cstrong\u003eIDE in which project resides :-\u003c/strong\u003e\u0026nbsp;Eclipse Neon\u003cbr\u003e\t\u003cstrong\u003eCode repository URL :-\u003c/strong\u003e\u0026nbsp;\u003cstrong\u003e\u003cbr\u003e\u003cbr\u003e\u003cbr\u003e\u003cbr\u003e\u003c/strong\u003e----\u003cbr\u003e\u003cstrong\u003eProject Name :-\u0026nbsp;\u003c/strong\u003edemo\u003cbr\u003e\u003cstrong\u003eTechnology used :-\u003c/strong\u003e\u0026nbsp;java,spring\u003cbr\u003e\t\u003cstrong\u003ePurpose :-\u0026nbsp;\u003c/strong\u003e\u003cbr\u003e\t\u003cstrong\u003eDevelopment methodology used :-\u003c/strong\u003e\u0026nbsp;Agile\u003cbr\u003e\t\u003cstrong\u003eCurrent sprint:-\u003c/strong\u003e\u0026nbsp;none\u003cbr\u003e\u003cstrong\u003eIDE in which project resides :-\u003c/strong\u003e\u0026nbsp;Eclipse Neon\u003cbr\u003e\t\u003cstrong\u003eCode repository URL :-\u003c/strong\u003e\u0026nbsp;\u003cstrong\u003e\u003cbr\u003e\u003cbr\u003e\u003cbr\u003e\u003cbr\u003e\u003c/strong\u003e----\u003cbr\u003e\u003cstrong\u003eProject Name :-\u0026nbsp;\u003c/strong\u003efreetts-1.2.2\u003cbr\u003e\u003cstrong\u003eTechnology used :-\u003c/strong\u003e\u0026nbsp;java\u003cbr\u003e\t\u003cstrong\u003ePurpose :-\u0026nbsp;\u003c/strong\u003e\u003cbr\u003e\t\u003cstrong\u003eDevelopment methodology used :-\u003c/strong\u003e\u0026nbsp;Agile\u003cbr\u003e\t\u003cstrong\u003eCurrent sprint:-\u003c/strong\u003e\u0026nbsp;none\u003cbr\u003e\u003cstrong\u003eIDE in which project resides :-\u003c/strong\u003e\u0026nbsp;Eclipse Neon\u003cbr\u003e\t\u003cstrong\u003eCode repository URL :-\u003c/strong\u003e\u0026nbsp;\u003cstrong\u003e\u003cbr\u003e\u003cbr\u003e\u003cbr\u003e\u003cbr\u003e\u003c/strong\u003e----\u003cbr\u003e\u003cstrong\u003eProject Name :-\u0026nbsp;\u003c/strong\u003egi_album_engine\u003cbr\u003e\u003cstrong\u003eTechnology used :-\u003c/strong\u003e\u0026nbsp;ruby\u003cbr\u003e\t\u003cstrong\u003ePurpose :-\u0026nbsp;\u003c/strong\u003e\u003cbr\u003e\t\u003cstrong\u003eDevelopment methodology used :-\u003c/strong\u003e\u0026nbsp;Agile\u003cbr\u003e\t\u003cstrong\u003eCurrent sprint:-\u003c/strong\u003e\u0026nbsp;none\u003cbr\u003e\u003cstrong\u003eIDE in which project resides :-\u003c/strong\u003e\u0026nbsp;Eclipse Neon\u003cbr\u003e\t\u003cstrong\u003eCode repository URL :-\u003c/strong\u003e\u0026nbsp;\u003cstrong\u003e\u003cbr\u003e\u003cbr\u003e\u003cbr\u003e\u003cbr\u003e\u003c/strong\u003e----\u003cbr\u003e\u003cstrong\u003eProject Name :-\u0026nbsp;\u003c/strong\u003eHQLExample\u003cbr\u003e\u003cstrong\u003eTechnology used :-\u003c/strong\u003e\u0026nbsp;java, hibernate\u003cbr\u003e\t\u003cstrong\u003ePurpose :-\u0026nbsp;\u003c/strong\u003e\u003cbr\u003e\t\u003cstrong\u003eDevelopment methodology used :-\u003c/strong\u003e\u0026nbsp;Agile\u003cbr\u003e\t\u003cstrong\u003eCurrent sprint:-\u003c/strong\u003e\u0026nbsp;none\u003cbr\u003e\u003cstrong\u003eIDE in which project resides :-\u003c/strong\u003e\u0026nbsp;Eclipse Neon\u003cbr\u003e\t\u003cstrong\u003eCode repository URL :-\u003c/strong\u003e\u0026nbsp;\u003cstrong\u003e\u003cbr\u003e\u003cbr\u003e\u003cbr\u003e\u003cbr\u003e\u003c/strong\u003e----\u003cbr\u003e\u003cstrong\u003eProject Name :-\u0026nbsp;\u003c/strong\u003eiAgent4.5Services\u003cbr\u003e\u003cstrong\u003eTechnology used :-\u003c/strong\u003e\u0026nbsp;java,jdbc\u003cbr\u003e\t\u003cstrong\u003ePurpose :-\u0026nbsp;\u003c/strong\u003e\u003cbr\u003e\t\u003cstrong\u003eDevelopment methodology used :-\u003c/strong\u003e\u0026nbsp;Agile\u003cbr\u003e\t\u003cstrong\u003eCurrent sprint:-\u003c/strong\u003e\u0026nbsp;none\u003cbr\u003e\u003cstrong\u003eIDE in which project resides :-\u003c/strong\u003e\u0026nbsp;Eclipse Neon\u003cbr\u003e\t\u003cstrong\u003eCode repository URL :-\u003c/strong\u003e\u0026nbsp;\u003cstrong\u003e\u003cbr\u003e\u003cbr\u003e\u003cbr\u003e\u003cbr\u003e\u003c/strong\u003e----\u003cbr\u003e\u003cstrong\u003eProject Name :-\u0026nbsp;\u003c/strong\u003eiAgent4Lib\u003cbr\u003e\u003cstrong\u003eTechnology used :-\u003c/strong\u003e\u0026nbsp;java, jars\u003cbr\u003e\t\u003cstrong\u003ePurpose :-\u0026nbsp;\u003c/strong\u003e\u003cbr\u003e\t\u003cstrong\u003eDevelopment methodology used :-\u003c/strong\u003e\u0026nbsp;Agile\u003cbr\u003e\t\u003cstrong\u003eCurrent sprint:-\u003c/strong\u003e\u0026nbsp;none\u003cbr\u003e\u003cstrong\u003eIDE in which project resides :-\u003c/strong\u003e\u0026nbsp;Eclipse Neon\u003cbr\u003e\t\u003cstrong\u003eCode repository URL :-\u003c/strong\u003e\u0026nbsp;\u003cstrong\u003e\u003cbr\u003e\u003cbr\u003e\u003cbr\u003e\u003cbr\u003e\u003c/strong\u003e----\u003cbr\u003e\u003cstrong\u003eProject Name :-\u0026nbsp;\u003c/strong\u003ejson-data-export-import\u003cbr\u003e\u003cstrong\u003eTechnology used :-\u003c/strong\u003e\u0026nbsp;java, json\u003cbr\u003e\t\u003cstrong\u003ePurpose :-\u0026nbsp;\u003c/strong\u003e\u003cbr\u003e\t\u003cstrong\u003eDevelopment methodology used :-\u003c/strong\u003e\u0026nbsp;Agile\u003cbr\u003e\t\u003cstrong\u003eCurrent sprint:-\u003c/strong\u003e\u0026nbsp;none\u003cbr\u003e\u003cstrong\u003eIDE in which project resides :-\u003c/strong\u003e\u0026nbsp;Eclipse Neon\u003cbr\u003e\t\u003cstrong\u003eCode repository URL :-\u003c/strong\u003e\u0026nbsp;\u003cstrong\u003e\u003cbr\u003e\u003cbr\u003e\u003cbr\u003e\u003cbr\u003e\u003c/strong\u003e----\u003cbr\u003e\u003cstrong\u003eProject Name :-\u0026nbsp;\u003c/strong\u003eJSPFileManager\u003cbr\u003e\u003cstrong\u003eTechnology used :-\u003c/strong\u003e\u0026nbsp;java,jsp\u003cbr\u003e\t\u003cstrong\u003ePurpose :-\u0026nbsp;\u003c/strong\u003e\u003cbr\u003e\t\u003cstrong\u003eDevelopment methodology used :-\u003c/strong\u003e\u0026nbsp;Agile\u003cbr\u003e\t\u003cstrong\u003eCurrent sprint:-\u003c/strong\u003e\u0026nbsp;none\u003cbr\u003e\u003cstrong\u003eIDE in which project resides :-\u003c/strong\u003e\u0026nbsp;Eclipse Neon\u003cbr\u003e\t\u003cstrong\u003eCode repository URL :-\u003c/strong\u003e\u0026nbsp;\u003cstrong\u003e\u003cbr\u003e\u003cbr\u003e\u003cbr\u003e\u003cbr\u003e\u003c/strong\u003e----\u003cbr\u003e\u003cstrong\u003eProject Name :-\u0026nbsp;\u003c/strong\u003elight-task-scheduler\u003cbr\u003e\u003cstrong\u003eTechnology used :-\u003c/strong\u003e\u0026nbsp;java, jsp/servlet\u003cbr\u003e\t\u003cstrong\u003ePurpose :-\u0026nbsp;\u003c/strong\u003e\u003cbr\u003e\t\u003cstrong\u003eDevelopment methodology used :-\u003c/strong\u003e\u0026nbsp;Agile\u003cbr\u003e\t\u003cstrong\u003eCurrent sprint:-\u003c/strong\u003e\u0026nbsp;none\u003cbr\u003e\u003cstrong\u003eIDE in which project resides :-\u003c/strong\u003e\u0026nbsp;Eclipse Neon\u003cbr\u003e\t\u003cstrong\u003eCode repository URL :-\u003c/strong\u003e\u0026nbsp;\u003cstrong\u003e\u003cbr\u003e\u003cbr\u003e\u003cbr\u003e\u003cbr\u003e\u003c/strong\u003e----\u003cbr\u003e\u003cstrong\u003eProject Name :-\u0026nbsp;\u003c/strong\u003eRestServices\u003cbr\u003e\u003cstrong\u003eTechnology used :-\u003c/strong\u003e\u0026nbsp;java, jersey, hibernate\u003cbr\u003e\t\u003cstrong\u003ePurpose :-\u0026nbsp;\u003c/strong\u003e\u003cbr\u003e\t\u003cstrong\u003eDevelopment methodology used :-\u003c/strong\u003e\u0026nbsp;Agile\u003cbr\u003e\t\u003cstrong\u003eCurrent sprint:-\u003c/strong\u003e\u0026nbsp;none\u003cbr\u003e\u003cstrong\u003eIDE in which project resides :-\u003c/strong\u003e\u0026nbsp;Eclipse Neon\u003cbr\u003e\t\u003cstrong\u003eCode repository URL :-\u003c/strong\u003e\u0026nbsp;\u003cstrong\u003e\u003cbr\u003e\u003cbr\u003e\u003cbr\u003e\u003cbr\u003e\u003c/strong\u003e----\u003cbr\u003e\u003cstrong\u003eProject Name :-\u0026nbsp;\u003c/strong\u003eRESTWithSpringMVCException\u003cbr\u003e\u003cstrong\u003eTechnology used :-\u003c/strong\u003e\u0026nbsp;java, spring-rest\u003cbr\u003e\t\u003cstrong\u003ePurpose :-\u0026nbsp;\u003c/strong\u003e\u003cbr\u003e\t\u003cstrong\u003eDevelopment methodology used :-\u003c/strong\u003e\u0026nbsp;Agile\u003cbr\u003e\t\u003cstrong\u003eCurrent sprint:-\u003c/strong\u003e\u0026nbsp;none\u003cbr\u003e\u003cstrong\u003eIDE in which project resides :-\u003c/strong\u003e\u0026nbsp;Eclipse Neon\u003cbr\u003e\t\u003cstrong\u003eCode repository URL :-\u003c/strong\u003e\u0026nbsp;\u003cstrong\u003e\u003cbr\u003e\u003cbr\u003e\u003cbr\u003e\u003cbr\u003e\u003c/strong\u003e----\u003cbr\u003e\u003cstrong\u003eProject Name :-\u0026nbsp;\u003c/strong\u003eResumeBuilder\u003cbr\u003e\u003cstrong\u003eTechnology used :-\u003c/strong\u003e\u0026nbsp;java, jdbc, jsp\u003cbr\u003e\t\u003cstrong\u003ePurpose :-\u0026nbsp;\u003c/strong\u003e\u003cbr\u003e\t\u003cstrong\u003eDevelopment methodology used :-\u003c/strong\u003e\u0026nbsp;Agile\u003cbr\u003e\t\u003cstrong\u003eCurrent sprint:-\u003c/strong\u003e\u0026nbsp;none\u003cbr\u003e\u003cstrong\u003eIDE in which project resides :-\u003c/strong\u003e\u0026nbsp;Eclipse Neon\u003cbr\u003e\t\u003cstrong\u003eCode repository URL :-\u003c/strong\u003e\u0026nbsp;\u003cstrong\u003e\u003cbr\u003e\u003cbr\u003e\u003cbr\u003e\u003cbr\u003e\u003c/strong\u003e----\u003cbr\u003e\u003cstrong\u003eProject Name :-\u0026nbsp;\u003c/strong\u003eSpring4MVCCRUDRestService1\u003cbr\u003e\u003cstrong\u003eTechnology used :-\u003c/strong\u003e\u0026nbsp;java, spring-rest\u003cbr\u003e\t\u003cstrong\u003ePurpose :-\u0026nbsp;\u003c/strong\u003e\u003cbr\u003e\t\u003cstrong\u003eDevelopment methodology used :-\u003c/strong\u003e\u0026nbsp;Agile\u003cbr\u003e\t\u003cstrong\u003eCurrent sprint:-\u003c/strong\u003e\u0026nbsp;none\u003cbr\u003e\u003cstrong\u003eIDE in which project resides :-\u003c/strong\u003e\u0026nbsp;Eclipse Neon\u003cbr\u003e\t\u003cstrong\u003eCode repository URL :-\u003c/strong\u003e\u0026nbsp;\u003cstrong\u003e\u003cbr\u003e\u003cbr\u003e\u003cbr\u003e\u003cbr\u003e\u003c/strong\u003e----\u003cbr\u003e\u003cstrong\u003eProject Name :-\u0026nbsp;\u003c/strong\u003eSpringDataMongoDB\u003cbr\u003e\u003cstrong\u003eTechnology used :-\u003c/strong\u003e\u0026nbsp;java, spring, mongo-db\u003cbr\u003e\t\u003cstrong\u003ePurpose :-\u0026nbsp;\u003c/strong\u003e\u003cbr\u003e\t\u003cstrong\u003eDevelopment methodology used :-\u003c/strong\u003e\u0026nbsp;Agile\u003cbr\u003e\t\u003cstrong\u003eCurrent sprint:-\u003c/strong\u003e\u0026nbsp;none\u003cbr\u003e\u003cstrong\u003eIDE in which project resides :-\u003c/strong\u003e\u0026nbsp;Eclipse Neon\u003cbr\u003e\t\u003cstrong\u003eCode repository URL :-\u003c/strong\u003e\u0026nbsp;\u003cstrong\u003e\u003cbr\u003e\u003cbr\u003e\u003cbr\u003e\u003cbr\u003e\u003c/strong\u003e----\u003cbr\u003e\u003cstrong\u003eProject Name :-\u0026nbsp;\u003c/strong\u003eTestProlog\u003cbr\u003e\u003cstrong\u003eTechnology used :-\u003c/strong\u003e\u0026nbsp;prolog\u003cbr\u003e\t\u003cstrong\u003ePurpose :-\u0026nbsp;\u003c/strong\u003e\u003cbr\u003e\t\u003cstrong\u003eDevelopment methodology used :-\u003c/strong\u003e\u0026nbsp;Agile\u003cbr\u003e\t\u003cstrong\u003eCurrent sprint:-\u003c/strong\u003e\u0026nbsp;none\u003cbr\u003e\u003cstrong\u003eIDE in which project resides :-\u003c/strong\u003e\u0026nbsp;Eclipse Neon\u003cbr\u003e\t\u003cstrong\u003eCode repository URL :-\u003c/strong\u003e\u0026nbsp;\u003cstrong\u003e\u003cbr\u003e\u003cbr\u003e\u003cbr\u003e\u003cbr\u003e\u003c/strong\u003e----\u003cbr\u003e\u003cstrong\u003eProject Name :-\u0026nbsp;\u003c/strong\u003etext-to-speech-java\u003cbr\u003e\u003cstrong\u003eTechnology used :-\u003c/strong\u003e\u0026nbsp;java\u003cbr\u003e\t\u003cstrong\u003ePurpose :-\u0026nbsp;\u003c/strong\u003e\u003cbr\u003e\t\u003cstrong\u003eDevelopment methodology used :-\u003c/strong\u003e\u0026nbsp;Agile\u003cbr\u003e\t\u003cstrong\u003eCurrent sprint:-\u003c/strong\u003e\u0026nbsp;none\u003cbr\u003e\u003cstrong\u003eIDE in which project resides :-\u003c/strong\u003e\u0026nbsp;Eclipse Neon\u003cbr\u003e\t\u003cstrong\u003eCode repository URL :-\u003c/strong\u003e\u0026nbsp;\u003cstrong\u003e\u003cbr\u003e\u003cbr\u003e\u003cbr\u003e\u003cbr\u003e\u003c/strong\u003e----\u003cbr\u003e\u003cstrong\u003eProject Name :-\u0026nbsp;\u003c/strong\u003etopic-management\u003cbr\u003e\u003cstrong\u003eTechnology used :-\u003c/strong\u003e\u0026nbsp;angularjs\u003cbr\u003e\t\u003cstrong\u003ePurpose :-\u0026nbsp;\u003c/strong\u003e\u003cbr\u003e\t\u003cstrong\u003eDevelopment methodology used :-\u003c/strong\u003e\u0026nbsp;Agile\u003cbr\u003e\t\u003cstrong\u003eCurrent sprint:-\u003c/strong\u003e\u0026nbsp;none\u003cbr\u003e\u003cstrong\u003eIDE in which project resides :-\u003c/strong\u003e\u0026nbsp;Eclipse Neon\u003cbr\u003e\t\u003cstrong\u003eCode repository URL :-\u003c/strong\u003e\u0026nbsp;\u003cstrong\u003e\u003cbr\u003e\u003cbr\u003e\u003cbr\u003e\u003cbr\u003e\u003c/strong\u003e----\u003cbr\u003e\u003cstrong\u003eProject Name :-\u0026nbsp;\u003c/strong\u003eXMLExamples\u003cbr\u003e\u003cstrong\u003eTechnology used :-\u003c/strong\u003e\u0026nbsp;java, jaxb\u003cbr\u003e\t\u003cstrong\u003ePurpose :-\u0026nbsp;\u003c/strong\u003e\u003cbr\u003e\t\u003cstrong\u003eDevelopment methodology used :-\u003c/strong\u003e\u0026nbsp;Agile\u003cbr\u003e\t\u003cstrong\u003eCurrent sprint:-\u003c/strong\u003e\u0026nbsp;none\u003cbr\u003e\u003cstrong\u003eIDE in which project resides :-\u003c/strong\u003e\u0026nbsp;Eclipse Neon\u003cbr\u003e\t\u003cstrong\u003eCode repository URL :-\u003c/strong\u003e\u0026nbsp;\u003cstrong\u003e\u003cbr\u003e\u003cbr\u003e\u003cbr\u003e\u003cbr\u003e\u003c/strong\u003e----\u003cbr\u003e\u003cstrong\u003eProject Name :-\u0026nbsp;\u003c/strong\u003e\u003cbr\u003e\u003cstrong\u003eTechnology used :-\u003c/strong\u003e\u0026nbsp;angularjs\u003cbr\u003e\t\u003cstrong\u003ePurpose :-\u0026nbsp;\u003c/strong\u003e\u003cbr\u003e\t\u003cstrong\u003eDevelopment methodology used :-\u003c/strong\u003e\u0026nbsp;Agile\u003cbr\u003e\t\u003cstrong\u003eCurrent sprint:-\u003c/strong\u003e\u0026nbsp;none\u003cbr\u003e\u003cstrong\u003eIDE in which project resides :-\u003c/strong\u003e\u0026nbsp;Eclipse Neon\u003cbr\u003e\t\u003cstrong\u003eCode repository URL :-\u003c/strong\u003e\u0026nbsp;\u003cstrong\u003e\u003cbr\u003e\u003cbr\u003e\u003cbr\u003e\u003cbr\u003e\u003c/strong\u003e\u003cbr\u003e\u003c/div\u003e",
    "dateCreated": "Nov 13, 2016 4:35:14 PM",
    "dateLastModified": "Dec 9, 2016 4:14:51 PM",
    "rating": 1
  },
  {
    "id": 4,
    "title": "My Ultimate Goal and its executions",
    "description": "\u003cdiv\u003e\u003c!--block--\u003e\u003cstrong\u003eMy Ultimate Goal and its executions\u003cbr\u003e\u003cbr\u003eIn this view I will group all groups which contains topics related to my goal and its excutions\u003cbr\u003e\u003cbr\u003eWhat is my ultimate goal :-\u003c/strong\u003e\u003c/div\u003e\u003cul\u003e\u003cli\u003e\u003c!--block--\u003eJust before my last breath I want to say \"Jai Mata Ki\".\u003c/li\u003e\u003cli\u003e\u003c!--block--\u003eI want to see my Maa, Papa, Chhotieeee, and Chhutti baby happy through my whole life.\u003c/li\u003e\u003c/ul\u003e\u003cdiv\u003e\u003c!--block--\u003e\u003cstrong\u003eFew questionnaire\u003c/strong\u003e\u003c/div\u003e\u003cul\u003e\u003cli\u003e\u003c!--block--\u003eWhat is my plan to achieve my goal?\u003c/li\u003e\u003cli\u003e\u003c!--block--\u003eWhat are obstacles in the way achieve my goal? and what is my backup plan?\u003c/li\u003e\u003cli\u003e\u003c!--block--\u003eWhat are timelines for plan?\u003c/li\u003e\u003cli\u003e\u003c!--block--\u003eWhat is priority for plan?\u003c/li\u003e\u003c/ul\u003e\u003cdiv\u003e\u003c!--block--\u003e\u003cbr\u003e\u003d\u003d\u003d\u003d\u003d\u003d\u003d\u003d\u003d\u003d\u003d\u003d\u003d\u003d\u003d\u003d\u003d\u003d\u003d\u003d\u003d\u003d\u003d\u003d\u003d\u003d\u003d\u003d\u003cbr\u003e2017 tasks\u003cbr\u003e\u003d\u003d\u003d\u003d\u003d\u003d\u003d\u003d\u003d\u003d\u003d\u003d\u003d\u003d\u003d\u003d\u003d\u003d\u003d\u003d\u003d\u003d\u003d\u003d\u003d\u003d\u003d\u003d\u003d\u003cbr\u003e-------------------------\u003cbr\u003e\u003cstrong\u003e\u003cem\u003eMy reading history\u003c/em\u003e\u003c/strong\u003e\u003c/div\u003e\u003cul\u003e\u003cli\u003e\u003c!--block--\u003e\u003cstrong\u003eMongoDB and finally how to use it in java applications\u003c/strong\u003e\u003cul\u003e\u003cli\u003e\u003c!--block--\u003e\u003cstrong\u003eRead about\u0026nbsp;\u003c/strong\u003e\u003ca href\u003d\"http://127.0.0.1:8888/topic-management/topic-mgmt/topic-mgmt-home.html#/groups-list/28\"\u003e\u003cstrong\u003eMongoDB in Action\u003c/strong\u003e\u003c/a\u003e\u003cstrong\u003e- Details\u0026nbsp;\u003c/strong\u003e\u003ca href\u003d\"http://127.0.0.1:8888/topic-management/topic-mgmt/topic-mgmt-home.html#/groups-list/28\"\u003e\u003cstrong\u003ehere\u003c/strong\u003e\u003c/a\u003e\u003cul\u003e\u003cli\u003e\u003c!--block--\u003ePlanning to read part 2 by 20th January 2017.\u003c/li\u003e\u003cli\u003e\u003c!--block--\u003e\u003cdel\u003eStarted reading part 1 on 15th January 2017 and completed it on 16th January 2017, before targeted date 17th January 2017.\u003c/del\u003e\u003c/li\u003e\u003c/ul\u003e\u003c/li\u003e\u003cli\u003e\u003c!--block--\u003eRead about\u0026nbsp;\u003ca href\u003d\"http://127.0.0.1:8888/FileService/my.jsp?documentId\u003dC:/backup/readings/mongoDB/MongoDB%20for%20Java%20Developers.pdf\"\u003e\u003cstrong\u003eMongoDB for Java Developers\u003c/strong\u003e\u003c/a\u003e\u003cstrong\u003e\u0026nbsp;- Details here\u003c/strong\u003e\u003cul\u003e\u003cli\u003e\u003c!--block--\u003eProposed article to read after finishing adequate knowledge gather from\u0026nbsp;\u003ca href\u003d\"http://127.0.0.1:8888/topic-management/topic-mgmt/topic-mgmt-home.html#/groups-list/28\"\u003e\u003cstrong\u003eMongoDB in Action\u003c/strong\u003e\u003c/a\u003e\u003c/li\u003e\u003cli\u003e\u003c!--block--\u003eRead\u0026nbsp;\u003ca href\u003d\"http://127.0.0.1:8888/FileService/my.jsp?documentId\u003dC:/backup/21-dec-2015/01-july-2016/Nosql%20For%20Mere%20Mortals.pdf\"\u003e\u003cstrong\u003eNosql For Mere Mortals.pdf\u003c/strong\u003e\u003c/a\u003e\u003cstrong\u003e\u0026nbsp;\u003c/strong\u003e, it has some general concepts discussion with NoSql. Group or topics not created as of now by 18th January 2017.\u003c/li\u003e\u003c/ul\u003e\u003c/li\u003e\u003c/ul\u003e\u003c/li\u003e\u003cli\u003e\u003c!--block--\u003e\u003cstrong\u003eJenkins\u0026nbsp;\u003c/strong\u003eand finally how to use it in Continuous Integration\u003cul\u003e\u003cli\u003e\u003c!--block--\u003eOne group(\u003ca href\u003d\"http://127.0.0.1:8888/topic-management/topic-mgmt/topic-mgmt-home.html#/groups-list/29\"\u003e\u003cstrong\u003eRead Books for Jenkins\u003c/strong\u003e\u003c/a\u003e) created, it should be studied in office hours.\u003c/li\u003e\u003cli\u003e\u003c!--block--\u003eStarted on 17th January 2017 and complete it by 27th January 2017 in office hours.\u003c/li\u003e\u003c/ul\u003e\u003c/li\u003e\u003cli\u003e\u003c!--block--\u003e\u003cstrong\u003eChef\u0026nbsp;\u003c/strong\u003eand how to use it in Continuous Integration and Continuous deployment.\u003cul\u003e\u003cli\u003e\u003c!--block--\u003eOne group (\u003ca href\u003d\"http://127.0.0.1:8888/topic-management/topic-mgmt/topic-mgmt-home.html#/groups-list/21\"\u003e\u003cstrong\u003eRead About Chef\u003c/strong\u003e\u003c/a\u003e) created , it should be studied after Jenkins in office hours.\u003c/li\u003e\u003c/ul\u003e\u003c/li\u003e\u003cli\u003e\u003c!--block--\u003eThere is on book for\u0026nbsp;\u003ca href\u003d\"http://127.0.0.1:8888/FileService/my.jsp?documentId\u003dC:/Users/premendra.kumar1/Desktop/readings/17-Jan-2017/Getting%20Started%20with%20Storm.pdf\"\u003e\u003cstrong\u003eStorm API\u003c/strong\u003e\u003c/a\u003e\u003cstrong\u003e\u0026nbsp;(Getting Started with Storm)\u003c/strong\u003e\u003cul\u003e\u003cli\u003e\u003c!--block--\u003eSchedule this reading in February 2017.\u003c/li\u003e\u003cli\u003e\u003c!--block--\u003eEven as big data is turning the world upside down, the next phase of the revolution is already taking shape: real-time data analysis. This hands-on guide introduces you to Storm, a distributed, JVM-based system for processing streaming data. Through simple tutorials, sample Java code, and a complete real-world scenario, you�ll learn how to build fast, fault-tolerant solutions that process results as soon as the data arrives.\u003c/li\u003e\u003cli\u003e\u003c!--block--\u003eDiscover how easy it is to set up Storm clusters for solving various problems, including continuous data computation, distributed remote procedure calls, and data stream processing.\u003c/li\u003e\u003c/ul\u003e\u003c/li\u003e\u003cli\u003e\u003c!--block--\u003eHadoop\u003cul\u003e\u003cli\u003e\u003c!--block--\u003eGroup related with Hadoop study (\u003ca href\u003d\"http://127.0.0.1:8888/topic-management/topic-mgmt/topic-mgmt-home.html#/groups-list/30\"\u003e\u003cstrong\u003eRead About Hadoop\u003c/strong\u003e\u003c/a\u003e)\u003c/li\u003e\u003c/ul\u003e\u003c/li\u003e\u003cli\u003e\u003c!--block--\u003eSecurity -Network , Cyber, Cloud\u003cul\u003e\u003cli\u003e\u003c!--block--\u003eGroup related with this study (\u003ca href\u003d\"http://127.0.0.1:8888/topic-management/topic-mgmt/topic-mgmt-home.html#/groups-list/31\"\u003e\u003cstrong\u003eRead Cybersecurity\u003c/strong\u003e\u003c/a\u003e)\u003c/li\u003e\u003c/ul\u003e\u003c/li\u003e\u003c/ul\u003e\u003cdiv\u003e\u003c!--block--\u003e\u003cbr\u003e---------------------------\u003cbr\u003e\u003cstrong\u003e\u003cem\u003eApplications developments\u003c/em\u003e\u003c/strong\u003e\u003c/div\u003e\u003cul\u003e\u003cli\u003e\u003c!--block--\u003e\u003cstrong\u003eTopic management application\u003c/strong\u003e\u003c/li\u003e\u003cli\u003e\u003c!--block--\u003e\u003ca href\u003d\"http://127.0.0.1:8888/FileService/views/fileSearchWithBootstrapWithMultipleSearchBox.html\"\u003e\u003cstrong\u003eFileIntrospector application\u003c/strong\u003e\u003c/a\u003e\u003c/li\u003e\u003cli\u003e\u003c!--block--\u003e\u003ca href\u003d\"http://inf-l-796412:8888/FileService/views/vocabs.html\"\u003e\u003cstrong\u003eVocabulary store application\u003c/strong\u003e\u003c/a\u003e\u003c/li\u003e\u003c/ul\u003e\u003cdiv\u003e\u003c!--block--\u003e\u003cbr\u003e\u003cstrong\u003e-------------------------------------------------------\u003cbr\u003e\u003cbr\u003eMovement of data\u003c/strong\u003e\u003c/div\u003e\u003cul\u003e\u003cli\u003e\u003c!--block--\u003eMovement of projects to github\u003c/li\u003e\u003cli\u003e\u003c!--block--\u003eMovement of files to harddisk\u003c/li\u003e\u003cli\u003e\u003c!--block--\u003eMovements of salary slips,and all other things\u003c/li\u003e\u003cli\u003e\u003c!--block--\u003e\u003cbr\u003e\u003c/li\u003e\u003c/ul\u003e\u003cdiv\u003e\u003c!--block--\u003e\u003cbr\u003e\u003c/div\u003e",
    "dateCreated": "Aug 13, 2016 10:49:17 PM",
    "dateLastModified": "Jan 30, 2017 11:02:08 PM",
    "rating": 1
  }
]